{
    "relations": 
    [
        {
            "name": ["lenses", "artists"],
            "query": "SELECT artist_name, COUNT(exhibit_id) as exhibits, COUNT(DISTINCT museum_id) as museums FROM art_exhibits GROUP BY artist_name",
            "type": "SQLLens",
            "uniqueConstraints": {
                "added": [
                    {
                        "name": "uc",
                        "determinants": ["artist_name"]
                    }
                ]
            }
        }
    ]
}