{
    "relations": [
        {
            "name": ["lenses", "historical_exhibits_extended"],
            "baseRelation": ["historical_exhibits"],
            "columns": {
                "added": [
                    {
                        "name": "artist_name",
                        "expression": "CAST('None' as VARCHAR)"
                    }
                ],
                "hidden": []
            },
            "type": "BasicLens"
        },
        {
            "name": ["lenses", "nature_exhibits_extended"],
            "baseRelation": ["nature_exhibits"],
            "columns": {
                "added": [
                    {
                        "name": "artist_name",
                        "expression": "CAST('None' as VARCHAR)"
                    }
                ],
                "hidden": []
            },
            "type": "BasicLens"
        },
        {
            "name": ["lenses", "all_exhibits"],
            "unionRelations": [
                ["lenses", "historical_exhibits_extended"],
                ["lenses", "nature_exhibits_extended"],
                ["art_exhibits"]
            ],
            "provenanceColumn": "exhibit_type",
            "type": "UnionLens"
        },
        {
            "name": ["lenses", "all_exhibits_final"],
            "baseRelation": ["lenses", "all_exhibits"],
            "columns": {
                "added": [
                    {
                        "name": "exhibit_type",
                        "expression": "REPLACE(REPLACE(REPLACE(exhibit_type, '_exhibits', ''), 'lenses.', ''), '_extended', '')"
                    }
                ],
                "hidden": ["exhibit_type"]
            },
            "type": "BasicLens"
        }
    ]
}