{
    "relations": [
        {
            "name": ["lenses", "museum_projection"],
            "baseRelation": ["museums"],
            "columns": {
                "added": [
                    {
                        "name": "yearly_profit",
                        "expression": "CAST(yearly_income - yearly_spendings as INTEGER)"
                    }
                ], 
                "hidden": ["ratings", "yearly_income", "yearly_spendings"]
            },
            "type": "BasicLens"
        },
        {
            "name": ["lenses", "workers_constraints"],
            "baseRelation": ["workers"],
            "uniqueConstraints": {
                "added": [
                    {
                        "name": "uc",
                        "determinants": ["full_name"]
                    }
                ]
            },
            "nonNullConstraints": {
                "added": [
                    "full_name",
                    "role"
                ]
            },
            "otherFunctionalDependencies": {
                "added": [
                    {
                        "determinants": ["role"],
                        "dependents": ["access_level"]
                    }
                ]
            },
            "foreignKeys": {
                "added": [
                    {
                        "name": "fk",
                        "from": ["museum_id"],
                        "to": {
                            "relation": ["museumS"],
                            "columns": ["museum_id"]
                        }
                    }
                ]
            },
            "iriSafeConstraints": {
                "added": [
                    "role"
                ]
            },
            "type": "BasicLens"
        },
        {
            "name": ["lenses", "managers_filter"],
            "baseRelation": ["lenses", "workers_constraints"],
            "filterExpression": "role = 'manager'",
            "type": "BasicLens"
        },
        {
            "name": ["lenses", "guides_filter"],
            "baseRelation": ["lenses", "workers_constraints"],
            "filterExpression": "role = 'guide'",
            "type": "BasicLens"
        },
        {
            "name": ["lenses", "guards_filter"],
            "baseRelation": ["lenses", "workers_constraints"],
            "filterExpression": "role = 'guard'",
            "type": "BasicLens"
        }
    ]
}