{
    "relations": [
        {
            "name": ["lenses", "museum_workers"],
            "join": {
                "relations": [
                    ["museums"],
                    ["workers"]
                ],
                "columnPrefixes": [
                    "m_",
                    "w_"
                ]
            },
            "columns": {
                "added": [],
                "hidden": [
                    "m_museum_id",
                    "m_name",
                    "m_yearly_income",
                    "m_yearly_spendings",
                    "m_ratings",
                    "w_full_name",
                    "w_role",
                    "w_museum_id",
                    "w_titles",
                    "w_access_level"                 
                ]
            },
            "filterExpression": "m_museum_id = w_museum_id",
            "type": "JoinLens"
        }
    ]
}